priority,code,entity_type,entity_id,name,detail
medium,summary_under_180,chapter,ch-022,第22話 幼魚と逆罰―肆―,169字。初期方針の300～600字より短い。
medium,summary_under_180,chapter,ch-024,第24話 幼魚と逆罰―陸―,177字。初期方針の300～600字より短い。
medium,summary_under_180,chapter,ch-025,第25話 固陋蠢愚,179字。初期方針の300～600字より短い。
medium,summary_under_180,chapter,ch-027,第27話 もしも,152字。初期方針の300～600字より短い。
medium,summary_under_180,chapter,ch-028,第28話 殺してやる,173字。初期方針の300～600字より短い。
medium,summary_under_180,chapter,ch-032,第32話 反省,170字。初期方針の300～600字より短い。
medium,summary_under_180,chapter,ch-034,第34話 京都姉妹校交流会―団体戦①―,167字。初期方針の300～600字より短い。
medium,summary_under_180,chapter,ch-035,第35話 京都姉妹校交流会―団体戦②―,172字。初期方針の300～600字より短い。
medium,summary_under_180,chapter,ch-036,第36話 京都姉妹校交流会―団体戦③―,179字。初期方針の300～600字より短い。
medium,summary_under_180,chapter,ch-037,第37話 京都姉妹校交流会―団体戦④―,176字。初期方針の300～600字より短い。
medium,summary_under_180,chapter,ch-038,第38話 京都姉妹校交流会―団体戦⑤―,170字。初期方針の300～600字より短い。
medium,summary_under_180,chapter,ch-043,第43話 京都姉妹校交流会―団体戦⑩―,179字。初期方針の300～600字より短い。
medium,summary_under_180,chapter,ch-045,第45話 賢者,178字。初期方針の300～600字より短い。
medium,summary_under_180,chapter,ch-048,第48話 黒閃,179字。初期方針の300～600字より短い。
medium,summary_under_180,chapter,ch-068,第68話 懐玉―肆―,164字。初期方針の300～600字より短い。
medium,summary_under_180,chapter,ch-072,第72話 懐玉―捌―,174字。初期方針の300～600字より短い。
medium,summary_under_180,chapter,ch-086,第86話 渋谷事変④,179字。初期方針の300～600字より短い。
medium,summary_under_180,chapter,ch-088,第88話 渋谷事変⑥,176字。初期方針の300～600字より短い。
medium,summary_under_180,chapter,ch-098,第98話 渋谷事変⑯,144字。初期方針の300～600字より短い。
medium,summary_under_180,chapter,ch-099,第99話 渋谷事変⑰,126字。初期方針の300～600字より短い。
medium,summary_under_180,chapter,ch-100,第100話 渋谷事変⑱,149字。初期方針の300～600字より短い。
medium,summary_under_180,chapter,ch-101,第101話 渋谷事変⑲,142字。初期方針の300～600字より短い。
medium,summary_under_180,chapter,ch-102,第102話 渋谷事変⑳,148字。初期方針の300～600字より短い。
medium,summary_under_180,chapter,ch-103,第103話 渋谷事変㉑,147字。初期方針の300～600字より短い。
medium,summary_under_180,chapter,ch-104,第104話 渋谷事変㉒,148字。初期方針の300～600字より短い。
medium,summary_under_180,chapter,ch-105,第105話 渋谷事変㉓,161字。初期方針の300～600字より短い。
medium,summary_under_180,chapter,ch-106,第106話 渋谷事変㉔,158字。初期方針の300～600字より短い。
medium,summary_under_180,chapter,ch-107,第107話 渋谷事変㉕,141字。初期方針の300～600字より短い。
medium,summary_under_180,chapter,ch-108,第108話 渋谷事変㉖,155字。初期方針の300～600字より短い。
medium,summary_under_180,chapter,ch-109,第109話 渋谷事変㉗,149字。初期方針の300～600字より短い。
medium,summary_under_180,chapter,ch-110,第110話 渋谷事変㉘,136字。初期方針の300～600字より短い。
medium,summary_under_180,chapter,ch-111,第111話 渋谷事変㉙,159字。初期方針の300～600字より短い。
medium,summary_under_180,chapter,ch-112,第112話 渋谷事変㉚,167字。初期方針の300～600字より短い。
medium,summary_under_180,chapter,ch-113,第113話 渋谷事変㉛,164字。初期方針の300～600字より短い。
medium,summary_under_180,chapter,ch-114,第114話 渋谷事変㉜,145字。初期方針の300～600字より短い。
medium,summary_under_180,chapter,ch-115,第115話 渋谷事変㉝,152字。初期方針の300～600字より短い。
medium,summary_under_180,chapter,ch-116,第116話 渋谷事変㉞,167字。初期方針の300～600字より短い。
medium,summary_under_180,chapter,ch-117,第117話 渋谷事変㉟,168字。初期方針の300～600字より短い。
medium,summary_under_180,chapter,ch-118,第118話 渋谷事変㊱,175字。初期方針の300～600字より短い。
medium,summary_under_180,chapter,ch-121,第121話 渋谷事変㊴,159字。初期方針の300～600字より短い。
medium,summary_under_180,chapter,ch-122,第122話 渋谷事変㊵,159字。初期方針の300～600字より短い。
medium,summary_under_180,chapter,ch-123,第123話 渋谷事変㊶,165字。初期方針の300～600字より短い。
medium,summary_under_180,chapter,ch-124,第124話 渋谷事変㊷,166字。初期方針の300～600字より短い。
medium,summary_under_180,chapter,ch-126,第126話 渋谷事変㊸,176字。初期方針の300～600字より短い。
medium,summary_under_180,chapter,ch-127,第127話 渋谷事変㊹,168字。初期方針の300～600字より短い。
medium,summary_under_180,chapter,ch-128,第128話 渋谷事変㊺,177字。初期方針の300～600字より短い。
medium,summary_under_180,chapter,ch-129,第129話 渋谷事変㊻,174字。初期方針の300～600字より短い。
medium,summary_under_180,chapter,ch-131,第131話 渋谷事変㊽,167字。初期方針の300～600字より短い。
medium,summary_under_180,chapter,ch-133,第133話 渋谷事変㊿,179字。初期方針の300～600字より短い。
medium,summary_under_180,chapter,ch-135,第135話 渋谷事変(52),178字。初期方針の300～600字より短い。
medium,summary_under_180,chapter,ch-137,第137話 堅白,179字。初期方針の300～600字より短い。
medium,summary_under_180,chapter,ch-139,第139話 狩人,159字。初期方針の300～600字より短い。
medium,summary_under_180,chapter,ch-140,第140話 執行,173字。初期方針の300～600字より短い。
medium,summary_under_180,chapter,ch-141,第141話 うしろのしょうめん,172字。初期方針の300～600字より短い。
medium,summary_under_180,chapter,ch-157,第157話 部品,176字。初期方針の300～600字より短い。
medium,summary_under_180,chapter,ch-159,第159話 裁き,163字。初期方針の300～600字より短い。
medium,summary_under_180,chapter,ch-160,第160話 結界,161字。初期方針の300～600字より短い。
medium,summary_under_180,chapter,ch-161,第161話 東京第１結界①,142字。初期方針の300～600字より短い。
medium,summary_under_180,chapter,ch-162,第162話 東京第１結界②,156字。初期方針の300～600字より短い。
medium,summary_under_180,chapter,ch-163,第163話 東京第１結界③,149字。初期方針の300～600字より短い。
medium,summary_under_180,chapter,ch-164,第164話 東京第１結界④,155字。初期方針の300～600字より短い。
medium,summary_under_180,chapter,ch-165,第165話 東京第１結界⑤,150字。初期方針の300～600字より短い。
medium,summary_under_180,chapter,ch-166,第166話 東京第１結界⑥,151字。初期方針の300～600字より短い。
medium,summary_under_180,chapter,ch-167,第167話 東京第１結界⑦,166字。初期方針の300～600字より短い。
medium,summary_under_180,chapter,ch-168,第168話 東京第１結界⑧,157字。初期方針の300～600字より短い。
medium,summary_under_180,chapter,ch-169,第169話 東京第１結界⑨,161字。初期方針の300～600字より短い。
medium,summary_under_180,chapter,ch-170,第170話 東京第１結界⑩,153字。初期方針の300～600字より短い。
medium,summary_under_180,chapter,ch-171,第171話 東京第１結界⑪,169字。初期方針の300～600字より短い。
medium,summary_under_180,chapter,ch-172,第172話 東京第１結界⑫,160字。初期方針の300～600字より短い。
medium,summary_under_180,chapter,ch-173,第173話 東京第１結界⑬,171字。初期方針の300～600字より短い。
medium,summary_under_180,chapter,ch-175,第175話 仙台結界②,167字。初期方針の300～600字より短い。
medium,summary_under_180,chapter,ch-176,第176話 仙台結界③,163字。初期方針の300～600字より短い。
medium,summary_under_180,chapter,ch-177,第177話 仙台結界④,162字。初期方針の300～600字より短い。
medium,summary_under_180,chapter,ch-178,第178話 仙台結界⑤,161字。初期方針の300～600字より短い。
medium,summary_under_180,chapter,ch-179,第179話 仙台結界⑥,160字。初期方針の300～600字より短い。
medium,summary_under_180,chapter,ch-180,第180話 仙台結界⑦,167字。初期方針の300～600字より短い。
medium,summary_under_180,chapter,ch-181,第181話 東京第２結界①,167字。初期方針の300～600字より短い。
medium,summary_under_180,chapter,ch-182,第182話 東京第２結界②,171字。初期方針の300～600字より短い。
medium,summary_under_180,chapter,ch-183,第183話 東京第２結界③,166字。初期方針の300～600字より短い。
medium,summary_under_180,chapter,ch-184,第184話 東京第２結界④,153字。初期方針の300～600字より短い。
medium,summary_under_180,chapter,ch-185,第185話 バイバイ,157字。初期方針の300～600字より短い。
medium,summary_under_180,chapter,ch-186,第186話 東京第２結界⑤,158字。初期方針の300～600字より短い。
medium,summary_under_180,chapter,ch-187,第187話 東京第２結界⑥,170字。初期方針の300～600字より短い。
medium,summary_under_180,chapter,ch-188,第188話 東京第２結界⑦,171字。初期方針の300～600字より短い。
medium,summary_under_180,chapter,ch-189,第189話 東京第２結界⑧,158字。初期方針の300～600字より短い。
medium,summary_under_180,chapter,ch-190,第190話 東京第２結界⑨,168字。初期方針の300～600字より短い。
medium,summary_under_180,chapter,ch-191,第191話 桜島結界①,161字。初期方針の300～600字より短い。
medium,summary_under_180,chapter,ch-192,第192話 桜島結界②,164字。初期方針の300～600字より短い。
medium,summary_under_180,chapter,ch-193,第193話 桜島結界③,159字。初期方針の300～600字より短い。
medium,summary_under_180,chapter,ch-194,第194話 桜島結界④,170字。初期方針の300～600字より短い。
medium,summary_under_180,chapter,ch-195,第195話 桜島結界⑤,164字。初期方針の300～600字より短い。
medium,summary_under_180,chapter,ch-196,第196話 桜島結界⑥,167字。初期方針の300～600字より短い。
medium,summary_under_180,chapter,ch-197,第197話 桜島結界⑦,156字。初期方針の300～600字より短い。
medium,summary_under_180,chapter,ch-198,第198話 桜島結界⑧,158字。初期方針の300～600字より短い。
medium,summary_under_180,chapter,ch-199,第199話 仇名,167字。初期方針の300～600字より短い。
medium,summary_under_180,chapter,ch-200,第200話 直接会談①,176字。初期方針の300～600字より短い。
medium,summary_under_180,chapter,ch-201,第201話 直接会談②,172字。初期方針の300～600字より短い。
medium,summary_under_180,chapter,ch-202,第202話 血と油①,165字。初期方針の300～600字より短い。
medium,summary_under_180,chapter,ch-203,第203話 血と油②,154字。初期方針の300～600字より短い。
medium,summary_under_180,chapter,ch-204,第204話 血と油③,164字。初期方針の300～600字より短い。
medium,summary_under_180,chapter,ch-205,第205話 星と油①,176字。初期方針の300～600字より短い。
medium,summary_under_180,chapter,ch-206,第206話 星と油②,178字。初期方針の300～600字より短い。
medium,summary_under_180,chapter,ch-207,第207話 星と油③,166字。初期方針の300～600字より短い。
medium,summary_under_180,chapter,ch-209,第209話 未知への供物①,172字。初期方針の300～600字より短い。
medium,summary_under_180,chapter,ch-210,第210話 未知への供物②,175字。初期方針の300～600字より短い。
medium,summary_under_180,chapter,ch-213,第213話 呪胎戴天-伍-,172字。初期方針の300～600字より短い。
medium,summary_under_180,chapter,ch-214,第214話 呪胎戴天-陸-,156字。初期方針の300～600字より短い。
medium,summary_under_180,chapter,ch-215,第215話 呪胎戴天-漆-,176字。初期方針の300～600字より短い。
medium,summary_under_180,chapter,ch-216,第216話 浴①,133字。初期方針の300～600字より短い。
medium,summary_under_180,chapter,ch-217,第217話 浴②,148字。初期方針の300～600字より短い。
medium,summary_under_180,chapter,ch-218,第218話 浴③,124字。初期方針の300～600字より短い。
medium,summary_under_180,chapter,ch-219,第219話 浴④,123字。初期方針の300～600字より短い。
medium,summary_under_180,chapter,ch-220,第220話 自浄自縛,141字。初期方針の300～600字より短い。
medium,summary_under_180,chapter,ch-221,第221話 得喪,132字。初期方針の300～600字より短い。
medium,summary_under_180,chapter,ch-222,第222話 予兆,122字。初期方針の300～600字より短い。
medium,summary_under_180,chapter,ch-223,第223話 人外魔境新宿決戦①,139字。初期方針の300～600字より短い。
medium,summary_under_180,chapter,ch-224,第224話 人外魔境新宿決戦②,138字。初期方針の300～600字より短い。
medium,summary_under_180,chapter,ch-225,第225話 人外魔境新宿決戦③,128字。初期方針の300～600字より短い。
medium,summary_under_180,chapter,ch-226,第226話 人外魔境新宿決戦④,135字。初期方針の300～600字より短い。
medium,summary_under_180,chapter,ch-227,第227話 人外魔境新宿決戦⑤,128字。初期方針の300～600字より短い。
medium,summary_under_180,chapter,ch-228,第228話 人外魔境新宿決戦⑥,134字。初期方針の300～600字より短い。
medium,summary_under_180,chapter,ch-229,第229話 人外魔境新宿決戦⑦,130字。初期方針の300～600字より短い。
medium,summary_under_180,chapter,ch-230,第230話 人外魔境新宿決戦⑧,139字。初期方針の300～600字より短い。
medium,summary_under_180,chapter,ch-231,第231話 人外魔境新宿決戦⑨,120字。初期方針の300～600字より短い。
medium,summary_under_180,chapter,ch-232,第232話 人外魔境新宿決戦⑩,131字。初期方針の300～600字より短い。
medium,summary_under_180,chapter,ch-233,第233話 人外魔境新宿決戦⑪,141字。初期方針の300～600字より短い。
medium,summary_under_180,chapter,ch-234,第234話 人外魔境新宿決戦⑫,138字。初期方針の300～600字より短い。
medium,summary_under_180,chapter,ch-235,第235話 人外魔境新宿決戦⑬,133字。初期方針の300～600字より短い。
medium,summary_under_180,chapter,ch-236,第236話 南へ,151字。初期方針の300～600字より短い。
medium,summary_under_180,chapter,ch-237,第237話 人外魔境新宿決戦⑭,127字。初期方針の300～600字より短い。
medium,summary_under_180,chapter,ch-238,第238話 人外魔境新宿決戦⑮,141字。初期方針の300～600字より短い。
medium,summary_under_180,chapter,ch-239,第239話 バカサバイバー!!,128字。初期方針の300～600字より短い。
medium,summary_under_180,chapter,ch-240,第240話 生き残れ!!,129字。初期方針の300～600字より短い。
medium,summary_under_180,chapter,ch-241,第241話 勝ち残れ!!,132字。初期方針の300～600字より短い。
medium,summary_under_180,chapter,ch-242,第242話 舞い上がれ!!,145字。初期方針の300～600字より短い。
medium,summary_under_180,chapter,ch-243,第243話 さんざめけ!!,141字。初期方針の300～600字より短い。
medium,summary_under_180,chapter,ch-244,第244話 人外魔境新宿決戦⑯,122字。初期方針の300～600字より短い。
medium,summary_under_180,chapter,ch-245,第245話 人外魔境新宿決戦⑰,138字。初期方針の300～600字より短い。
medium,summary_under_180,chapter,ch-246,第246話 人外魔境新宿決戦⑱,133字。初期方針の300～600字より短い。
medium,summary_under_180,chapter,ch-247,第247話 人外魔境新宿決戦⑲,133字。初期方針の300～600字より短い。
medium,summary_under_180,chapter,ch-248,第248話 人外魔境新宿決戦⑳,143字。初期方針の300～600字より短い。
medium,summary_under_180,chapter,ch-249,第249話 人外魔境新宿決戦㉑,141字。初期方針の300～600字より短い。
medium,summary_under_180,chapter,ch-250,第250話 人外魔境新宿決戦㉒,150字。初期方針の300～600字より短い。
medium,summary_under_180,chapter,ch-251,第251話 人外魔境新宿決戦㉓,126字。初期方針の300～600字より短い。
medium,summary_under_180,chapter,ch-252,第252話 人外魔境新宿決戦㉔,137字。初期方針の300～600字より短い。
medium,summary_under_180,chapter,ch-253,第253話 人外魔境新宿決戦㉕,129字。初期方針の300～600字より短い。
medium,summary_under_180,chapter,ch-254,第254話 人外魔境新宿決戦㉖,121字。初期方針の300～600字より短い。
medium,summary_under_180,chapter,ch-255,第255話 人外魔境新宿決戦㉗,134字。初期方針の300～600字より短い。
medium,summary_under_180,chapter,ch-256,第256話 人外魔境新宿決戦㉘,121字。初期方針の300～600字より短い。
medium,summary_under_180,chapter,ch-257,第257話 人外魔境新宿決戦㉙,174字。初期方針の300～600字より短い。
medium,summary_under_180,chapter,ch-258,第258話 人外魔境新宿決戦㉚,156字。初期方針の300～600字より短い。
medium,summary_under_180,chapter,ch-259,第259話 人外魔境新宿決戦㉛,130字。初期方針の300～600字より短い。
medium,summary_under_180,chapter,ch-260,第260話 人外魔境新宿決戦㉜,135字。初期方針の300～600字より短い。
medium,summary_under_180,chapter,ch-261,第261話 人外魔境新宿決戦㉝,130字。初期方針の300～600字より短い。
medium,summary_under_180,chapter,ch-262,第262話 人外魔境新宿決戦㉞,128字。初期方針の300～600字より短い。
medium,summary_under_180,chapter,ch-263,第263話 人外魔境新宿決戦㉟,147字。初期方針の300～600字より短い。
medium,summary_under_180,chapter,ch-264,第264話 人外魔境新宿決戦㊱,133字。初期方針の300～600字より短い。
medium,summary_under_180,chapter,ch-265,第265話 あの日,151字。初期方針の300～600字より短い。
medium,summary_under_180,chapter,ch-266,第266話 人外魔境新宿決戦㊲,127字。初期方針の300～600字より短い。
medium,summary_under_180,chapter,ch-267,第267話 人外魔境新宿決戦㊳,160字。初期方針の300～600字より短い。
medium,summary_under_180,chapter,ch-268,第268話 決着,143字。初期方針の300～600字より短い。
medium,summary_under_180,chapter,ch-269,第269話 検討,149字。初期方針の300～600字より短い。
medium,summary_under_180,chapter,ch-270,第270話 夢の終わり,127字。初期方針の300～600字より短い。
medium,summary_under_180,chapter,ch-271,第271話 これから,161字。初期方針の300～600字より短い。
high,first_pass_pending,character,char-656fe03d94,つばさ,人物個別の再精査前。
high,first_pass_pending,character,char-daba6cb53e,ふみ,人物個別の再精査前。
high,first_pass_pending,character,char-9e8435ee20,アメリカ大統領,人物個別の再精査前。
high,first_pass_pending,character,char-1896d42b18,アルバイト,人物個別の再精査前。
high,first_pass_pending,character,char-2615d69152,オガミ婆,人物個別の再精査前。
high,first_pass_pending,character,char-c33b96dce8,オガミ婆の孫,人物個別の再精査前。
medium,thin_profile,character,char-3a20306988,キャシィ,紹介文が18字。経歴・特徴として不足。
high,first_pass_pending,character,char-3a20306988,キャシィ,人物個別の再精査前。
high,first_pass_pending,character,char-e853296f46,ギャリー・K・ジョンソン,人物個別の再精査前。
high,first_pass_pending,character,char-6e5f124638,ケンさん,人物個別の再精査前。
high,first_pass_pending,character,char-8a6e43878f,コガネ,人物個別の再精査前。
medium,thin_profile,character,char-e9f6f29ccf,コークン,紹介文が22字。経歴・特徴として不足。
high,first_pass_pending,character,char-e9f6f29ccf,コークン,人物個別の再精査前。
high,first_pass_pending,character,char-b7f2a3f42f,サイラス・ヴェイル,人物個別の再精査前。
high,first_pass_pending,character,char-4e5593708e,シャルル・ベルナール,人物個別の再精査前。
high,first_pass_pending,character,char-ef294e92de,ジャッジマン,人物個別の再精査前。
high,first_pass_pending,character,char-3b9f5b73d3,ジョン☆ボビ,人物個別の再精査前。
medium,thin_profile,character,char-b035a7658c,タケル,紹介文が23字。経歴・特徴として不足。
high,first_pass_pending,character,char-b035a7658c,タケル,人物個別の再精査前。
medium,thin_profile,character,char-6cd94bbcdf,ツカモト,紹介文が21字。経歴・特徴として不足。
high,first_pass_pending,character,char-6cd94bbcdf,ツカモト,人物個別の再精査前。
high,first_pass_pending,character,char-6ede6f3587,ドゥルヴ・ラクダワラ,人物個別の再精査前。
medium,thin_profile,character,char-d72adf2be9,バイエル,紹介文が23字。経歴・特徴として不足。
high,first_pass_pending,character,char-d72adf2be9,バイエル,人物個別の再精査前。
high,first_pass_pending,character,char-dcb6ddb293,バカA,人物個別の再精査前。
high,first_pass_pending,character,char-672d843799,パンダ,人物個別の再精査前。
high,first_pass_pending,character,char-f5b0193f9b,パンダのお兄ちゃん,人物個別の再精査前。
high,first_pass_pending,character,char-b05e05011d,パンダのお姉ちゃん,人物個別の再精査前。
high,first_pass_pending,character,char-f87a321c6f,パン屋の店員,人物個別の再精査前。
high,first_pass_pending,character,char-224a241de8,フルダテ,人物個別の再精査前。
high,first_pass_pending,character,char-6d1d442a9a,ミゲル,人物個別の再精査前。
high,first_pass_pending,character,char-5c2dcdaab3,ラルゥ,人物個別の再精査前。
high,first_pass_pending,character,char-fd5a754a56,リカ,人物個別の再精査前。
high,first_pass_pending,character,char-026d657efa,レジィ・スター,人物個別の再精査前。
high,first_pass_pending,character,char-08c7bc0ea9,ロール髪お嬢様,人物個別の再精査前。
medium,thin_profile,character,char-cc7cd6ccbf,七海の元上司,紹介文が14字。経歴・特徴として不足。
high,first_pass_pending,character,char-cc7cd6ccbf,七海の元上司,人物個別の再精査前。
high,first_pass_pending,character,char-6309a7e2f4,七海建人,人物個別の再精査前。
high,first_pass_pending,character,char-0d3bc6b0dd,万,人物個別の再精査前。
high,first_pass_pending,character,char-69335b05c3,三代六十四,人物個別の再精査前。
high,first_pass_pending,character,char-ebd2a8efa8,三輪霞,人物個別の再精査前。
high,first_pass_pending,character,char-3ed1d78924,不知井底,人物個別の再精査前。
high,first_pass_pending,character,char-dad71c9f31,与幸吉,人物個別の再精査前。
high,first_pass_pending,character,char-2b8d365a39,両面宿儺,人物個別の再精査前。
medium,thin_profile,character,char-056bc02c9c,乙骨の孫（少女）,紹介文が23字。経歴・特徴として不足。
medium,thin_profile,character,char-3dec7ed6f8,乙骨の孫（少年）,紹介文が23字。経歴・特徴として不足。
high,first_pass_pending,character,char-c28763b98a,乙骨憂太,人物個別の再精査前。
high,first_pass_pending,character,char-1566dd973d,九十九由基,人物個別の再精査前。
high,first_pass_pending,character,char-17322e71e5,五条悟,人物個別の再精査前。
high,first_pass_pending,character,char-6bce2a211a,井口たけし,人物個別の再精査前。
high,first_pass_pending,character,char-b4d661547b,伊地知潔高,人物個別の再精査前。
high,first_pass_pending,character,char-3c1852867d,伏黒恵,人物個別の再精査前。
high,first_pass_pending,character,char-383f9ce538,伏黒恵の母,人物個別の再精査前。
high,first_pass_pending,character,char-0f2e6e85bf,伏黒津美紀,人物個別の再精査前。
high,first_pass_pending,character,char-d5482ceba1,伏黒甚爾,人物個別の再精査前。
high,first_pass_pending,character,char-19d387e1e3,佐々木せつこ,人物個別の再精査前。
high,first_pass_pending,character,char-9fccad3ed6,八握剣 異戒神将 魔虚羅,人物個別の再精査前。
high,first_pass_pending,character,char-05a7ab0dcd,円鹿,人物個別の再精査前。
high,first_pass_pending,character,char-07918bda3f,冥冥,人物個別の再精査前。
high,first_pass_pending,character,char-a34bfbb398,凰輪,人物個別の再精査前。
high,first_pass_pending,character,char-d218cffa84,分身術者,人物個別の再精査前。
high,missing_sources,character,char-phase3-kamo-noritoshi-ancestor,加茂憲倫,出典参照がない。
high,first_pass_pending,character,char-830f121430,加茂憲紀,人物個別の再精査前。
medium,thin_profile,character,char-9bdffe1087,加藤空,紹介文が16字。経歴・特徴として不足。
high,first_pass_pending,character,char-9bdffe1087,加藤空,人物個別の再精査前。
medium,thin_profile,character,char-c9bc52aaf1,化身玉藻前,紹介文が21字。経歴・特徴として不足。
high,first_pass_pending,character,char-c9bc52aaf1,化身玉藻前,人物個別の再精査前。
medium,thin_profile,character,char-71f5d39336,口裂け女,紹介文が21字。経歴・特徴として不足。
high,first_pass_pending,character,char-71f5d39336,口裂け女,人物個別の再精査前。
medium,thin_profile,character,char-0be085fe01,吉沢,紹介文が24字。経歴・特徴として不足。
high,first_pass_pending,character,char-0be085fe01,吉沢,人物個別の再精査前。
high,first_pass_pending,character,char-c0e690427b,吉野凪,人物個別の再精査前。
high,first_pass_pending,character,char-236cc955ae,吉野順平,人物個別の再精査前。
high,first_pass_pending,character,char-d7b7b23267,四乃,人物個別の再精査前。
high,first_pass_pending,character,char-f575a0a3ee,園田茂,人物個別の再精査前。
high,first_pass_pending,character,char-6534bbe6c9,壊相,人物個別の再精査前。
high,first_pass_pending,character,char-b9d4880408,夏油傑,人物個別の再精査前。
high,first_pass_pending,character,char-58278d1ec5,夜蛾正道,人物個別の再精査前。
medium,thin_profile,character,char-b0c4caf31c,大和広,紹介文が22字。経歴・特徴として不足。
high,first_pass_pending,character,char-b0c4caf31c,大和広,人物個別の再精査前。
high,first_pass_pending,character,char-f87eb0c109,大江圭太,人物個別の再精査前。
medium,thin_profile,character,char-2abcf48f04,大蛇,紹介文が20字。経歴・特徴として不足。
high,first_pass_pending,character,char-2abcf48f04,大蛇,人物個別の再精査前。
high,first_pass_pending,character,char-aabfd74fce,大道鋼,人物個別の再精査前。
medium,thin_profile,character,char-207d1e2959,天ノ川小百合,紹介文が16字。経歴・特徴として不足。
high,first_pass_pending,character,char-207d1e2959,天ノ川小百合,人物個別の再精査前。
high,first_pass_pending,character,char-65e7fd1c87,天使,人物個別の再精査前。
high,first_pass_pending,character,char-6eab17a5a8,天元,人物個別の再精査前。
high,first_pass_pending,character,char-63e2590b87,天内理子,人物個別の再精査前。
medium,thin_profile,character,char-ac5bfb99ac,太助,紹介文が23字。経歴・特徴として不足。
high,first_pass_pending,character,char-ac5bfb99ac,太助,人物個別の再精査前。
high,first_pass_pending,character,char-22da946917,孔時雨,人物個別の再精査前。
high,first_pass_pending,character,char-d4a4bc45c6,家入硝子,人物個別の再精査前。
high,first_pass_pending,character,char-9469499a06,小沢優子,人物個別の再精査前。
medium,thin_profile,character,char-9d5781cc30,山口夕輝,紹介文が16字。経歴・特徴として不足。
high,first_pass_pending,character,char-9d5781cc30,山口夕輝,人物個別の再精査前。
medium,thin_profile,character,char-a6a1c5d1be,山口紗夜花,紹介文が16字。経歴・特徴として不足。
high,first_pass_pending,character,char-a6a1c5d1be,山口紗夜花,人物個別の再精査前。
high,first_pass_pending,character,char-0ee8c4b0ae,岡﨑正,人物個別の再精査前。
medium,thin_profile,character,char-05e0877f46,島田治,紹介文が22字。経歴・特徴として不足。
high,first_pass_pending,character,char-05e0877f46,島田治,人物個別の再精査前。
medium,thin_profile,character,char-937c617c00,嵌合獣・顎吐,紹介文が21字。経歴・特徴として不足。
high,first_pass_pending,character,char-937c617c00,嵌合獣・顎吐,人物個別の再精査前。
high,first_pass_pending,character,char-3de3b8af11,庵歌姫,人物個別の再精査前。
high,first_pass_pending,character,char-b8fa3c89b0,式神使い,人物個別の再精査前。
high,first_pass_pending,character,char-2947dc1a21,悪路王大獄,人物個別の再精査前。
high,first_pass_pending,character,char-e41848a08f,憂憂,人物個別の再精査前。
high,first_pass_pending,character,char-e2fb64f147,憲紀の母,人物個別の再精査前。
medium,thin_profile,character,char-ba1a693126,憲紀の母の新しい夫,紹介文が23字。経歴・特徴として不足。
high,first_pass_pending,character,char-ba1a693126,憲紀の母の新しい夫,人物個別の再精査前。
medium,thin_profile,character,char-25dbde0cc7,憲紀の異父弟,紹介文が19字。経歴・特徴として不足。
high,first_pass_pending,character,char-25dbde0cc7,憲紀の異父弟,人物個別の再精査前。
high,first_pass_pending,character,char-1bbe626376,斉藤さん（娘）,人物個別の再精査前。
high,first_pass_pending,character,char-91ac59016d,斉藤さん（母）,人物個別の再精査前。
high,first_pass_pending,character,char-9f27f7b399,斎藤雨矢,人物個別の再精査前。
high,first_pass_pending,character,char-63369aaf46,新田新,人物個別の再精査前。
high,first_pass_pending,character,char-0cb661851e,新田明,人物個別の再精査前。
medium,thin_profile,character,char-0839ba226c,日下部の妹,紹介文が18字。経歴・特徴として不足。
high,first_pass_pending,character,char-0839ba226c,日下部の妹,人物個別の再精査前。
high,first_pass_pending,character,char-53c5711b23,日下部篤也,人物個別の再精査前。
high,first_pass_pending,character,char-3062a0117e,日車寛見,人物個別の再精査前。
high,first_pass_pending,character,char-00f5cc93b4,星綺羅羅,人物個別の再精査前。
medium,thin_profile,character,char-0fd233938d,朝霧夢,紹介文が16字。経歴・特徴として不足。
high,first_pass_pending,character,char-0fd233938d,朝霧夢,人物個別の再精査前。
high,first_pass_pending,character,char-d8252d61d4,来栖華,人物個別の再精査前。
high,first_pass_pending,character,char-d76df97dca,東堂葵,人物個別の再精査前。
high,first_pass_pending,character,char-da4ca46be3,枷場美々子,人物個別の再精査前。
high,first_pass_pending,character,char-1a74b17cf8,枷場菜々子,人物個別の再精査前。
high,first_pass_pending,character,char-5da68e2f6c,格納型呪霊,人物個別の再精査前。
high,first_pass_pending,character,char-ac327bdd73,楽巌寺嘉伸,人物個別の再精査前。
high,first_pass_pending,character,char-ed98ec9440,武田,人物個別の再精査前。
high,first_pass_pending,character,char-9aa6c80b61,池沢,人物個別の再精査前。
high,first_pass_pending,character,char-d321eb3a66,沙織,人物個別の再精査前。
medium,thin_profile,character,char-87b2840742,清水,紹介文が24字。経歴・特徴として不足。
high,first_pass_pending,character,char-87b2840742,清水,人物個別の再精査前。
medium,thin_profile,character,char-8e2aed473c,清水涼香,紹介文が16字。経歴・特徴として不足。
high,first_pass_pending,character,char-8e2aed473c,清水涼香,人物個別の再精査前。
medium,thin_profile,character,char-df284f67ad,満象,紹介文が22字。経歴・特徴として不足。
high,first_pass_pending,character,char-df284f67ad,満象,人物個別の再精査前。
high,first_pass_pending,character,char-a61fa295f1,漏瑚,人物個別の再精査前。
high,first_pass_pending,character,char-b2b454d6e2,灰原雄,人物個別の再精査前。
high,first_pass_pending,character,char-fe30ff0de9,烏鷺亨子,人物個別の再精査前。
high,missing_sources,character,char-phase3-finger-bearer-bridge,特級呪霊（八十八橋）,出典参照がない。
medium,thin_profile,character,char-5d693ebac2,特級呪霊（少年院）,紹介文が23字。経歴・特徴として不足。
high,first_pass_pending,character,char-5d693ebac2,特級呪霊（少年院）,人物個別の再精査前。
high,first_pass_pending,character,char-a61d6ef891,狗巻棘,人物個別の再精査前。
high,first_pass_pending,character,char-cf2d32d5b9,猪野琢真,人物個別の再精査前。
high,first_pass_pending,character,char-76c359aa1d,玉犬 白,人物個別の再精査前。
medium,thin_profile,character,char-8236095713,玉犬 黒,紹介文が18字。経歴・特徴として不足。
high,first_pass_pending,character,char-8236095713,玉犬 黒,人物個別の再精査前。
medium,thin_profile,character,char-71d1706395,玉犬「渾」,紹介文が24字。経歴・特徴として不足。
high,first_pass_pending,character,char-71d1706395,玉犬「渾」,人物個別の再精査前。
high,first_pass_pending,character,char-4ff7a5b46e,甘井凛,人物個別の再精査前。
high,first_pass_pending,character,char-8ba89c1a5f,生徒会長,人物個別の再精査前。
high,first_pass_pending,character,char-92d504ce2f,疱瘡婆,人物個別の再精査前。
high,first_pass_pending,character,char-18d7c58412,真人,人物個別の再精査前。
high,first_pass_pending,character,char-3248ea0da4,真希・真依の母,人物個別の再精査前。
high,first_pass_pending,character,char-4a29b3de7b,石流龍,人物個別の再精査前。
high,first_pass_pending,character,char-ba2d62b596,祈本里香,人物個別の再精査前。
high,first_pass_pending,character,char-e5bfc97a26,祢木利久,人物個別の再精査前。
high,first_pass_pending,character,char-15c6f148d3,禪院信朗,人物個別の再精査前。
high,first_pass_pending,character,char-265abd362c,禪院扇,人物個別の再精査前。
high,first_pass_pending,character,char-e3d79a21e6,禪院甚壱,人物個別の再精査前。
high,first_pass_pending,character,char-b3be077b48,禪院直哉,人物個別の再精査前。
high,first_pass_pending,character,char-22abdd626c,禪院直毘人,人物個別の再精査前。
high,first_pass_pending,character,char-5724ed462b,禪院真依,人物個別の再精査前。
high,first_pass_pending,character,char-24d736edff,禪院真希,人物個別の再精査前。
high,first_pass_pending,character,char-1ea67a363b,禪院蘭太,人物個別の再精査前。
medium,thin_profile,character,char-cde7b13e78,禪院長寿郎,紹介文が23字。経歴・特徴として不足。
high,first_pass_pending,character,char-cde7b13e78,禪院長寿郎,人物個別の再精査前。
high,first_pass_pending,character,char-dea43d7fc7,秤金次,人物個別の再精査前。
high,first_pass_pending,character,char-d31c75a751,粟坂二良,人物個別の再精査前。
high,first_pass_pending,character,char-833a399363,組屋鞣造,人物個別の再精査前。
high,first_pass_pending,character,char-678a848346,羂索,人物個別の再精査前。
high,first_pass_pending,character,char-56bf974c92,羽場,人物個別の再精査前。
high,first_pass_pending,character,char-cb2d7aa2a7,羽生,人物個別の再精査前。
medium,thin_profile,character,char-0be6deff32,脱兎,紹介文が21字。経歴・特徴として不足。
high,first_pass_pending,character,char-0be6deff32,脱兎,人物個別の再精査前。
high,first_pass_pending,character,char-851111b10d,脹相,人物個別の再精査前。
high,first_pass_pending,character,char-9148bf784c,花御,人物個別の再精査前。
high,first_pass_pending,character,char-f65b4fe4b0,菅田真奈美,人物個別の再精査前。
medium,thin_profile,character,char-3e900c584c,藤沼,紹介文が23字。経歴・特徴として不足。
high,first_pass_pending,character,char-3e900c584c,藤沼,人物個別の再精査前。
high,first_pass_pending,character,char-5bc95bc9e0,藤沼（姉）,人物個別の再精査前。
high,first_pass_pending,character,char-851481d8c3,虎杖仁,人物個別の再精査前。
high,first_pass_pending,character,char-0ee50b4740,虎杖倭助,人物個別の再精査前。
high,first_pass_pending,character,char-baadf43d19,虎杖悠仁,人物個別の再精査前。
high,first_pass_pending,character,char-ad3a5428f6,虎杖香織,人物個別の再精査前。
medium,thin_profile,character,char-5ae093db78,虹龍,紹介文が24字。経歴・特徴として不足。
high,first_pass_pending,character,char-5ae093db78,虹龍,人物個別の再精査前。
medium,thin_profile,character,char-27e18811b4,蛯名仁次,紹介文が22字。経歴・特徴として不足。
high,first_pass_pending,character,char-27e18811b4,蛯名仁次,人物個別の再精査前。
high,first_pass_pending,character,char-848db5733c,蝗GUY,人物個別の再精査前。
medium,thin_profile,character,char-b18262c082,蝦蟇,紹介文が19字。経歴・特徴として不足。
high,first_pass_pending,character,char-b18262c082,蝦蟇,人物個別の再精査前。
medium,thin_profile,character,char-f479972eca,蠅頭,紹介文が20字。経歴・特徴として不足。
high,first_pass_pending,character,char-f479972eca,蠅頭,人物個別の再精査前。
high,first_pass_pending,character,char-964e851215,血塗,人物個別の再精査前。
high,first_pass_pending,character,char-000313127b,裏梅,人物個別の再精査前。
high,first_pass_pending,character,char-484fd66a1e,西宮桃,人物個別の再精査前。
medium,thin_profile,character,char-5481fbccc6,貫牛,紹介文が21字。経歴・特徴として不足。
high,first_pass_pending,character,char-5481fbccc6,貫牛,人物個別の再精査前。
high,first_pass_pending,character,char-6c8cc9b546,重面春太,人物個別の再精査前。
medium,thin_profile,character,char-1b63d8dcdc,金森,紹介文が23字。経歴・特徴として不足。
high,first_pass_pending,character,char-1b63d8dcdc,金森,人物個別の再精査前。
medium,thin_profile,character,char-8e6f9fc580,金田太一,紹介文が22字。経歴・特徴として不足。
high,first_pass_pending,character,char-8e6f9fc580,金田太一,人物個別の再精査前。
medium,thin_profile,character,char-486f7592ff,釘崎の祖母,紹介文が18字。経歴・特徴として不足。
high,first_pass_pending,character,char-5a0f7ded8d,釘崎野薔薇,人物個別の再精査前。
medium,thin_profile,character,char-577ea0ec09,針千鈞,紹介文が21字。経歴・特徴として不足。
high,first_pass_pending,character,char-577ea0ec09,針千鈞,人物個別の再精査前。
high,first_pass_pending,character,char-6674ce6baa,陀艮,人物個別の再精査前。
high,first_pass_pending,character,char-66caf9e7ec,陸上部顧問 高木,人物個別の再精査前。
high,first_pass_pending,character,char-116e724a1e,高木（弁護士）,人物個別の再精査前。
high,first_pass_pending,character,char-0bca269a4a,高田ちゃん,人物個別の再精査前。
high,first_pass_pending,character,char-02aa196fbb,髙羽史彦,人物個別の再精査前。
medium,thin_profile,character,char-996d48af99,鵺,紹介文が18字。経歴・特徴として不足。
high,first_pass_pending,character,char-996d48af99,鵺,人物個別の再精査前。
high,first_pass_pending,character,char-0e7004da56,鹿紫雲一,人物個別の再精査前。
high,first_pass_pending,character,char-a5d1c4b82b,麗美,人物個別の再精査前。
high,first_pass_pending,character,char-27f5cf78ab,黄櫨折,人物個別の再精査前。
high,first_pass_pending,character,char-526551b91f,黒井美里,人物個別の再精査前。
high,first_pass_pending,character,char-46cd8034d9,黒沐死,人物個別の再精査前。
high,first_pass_pending,technique,tech-42c5acf52c,G戦杖,技・術式個別の再精査前。
high,first_pass_pending,technique,tech-a88b067dfe,あべこべ,技・術式個別の再精査前。
medium,thin_description,technique,tech-536c06630d,グラニテブラスト,説明が17字。条件・制限・効果として不足。
high,first_pass_pending,technique,tech-536c06630d,グラニテブラスト,技・術式個別の再精査前。
high,missing_sources,technique,tech-phase3-gorilla-mode,ゴリラモード,出典参照がない。
high,first_pass_pending,technique,tech-ef294e92de,ジャッジマン,技・術式個別の再精査前。
high,first_pass_pending,technique,tech-8f302c25a5,ブラックホール化,技・術式個別の再精査前。
high,first_pass_pending,technique,tech-fd5a754a56,リカ,技・術式個別の再精査前。
high,missing_sources,technique,tech-phase4-chain-thousand-miles,万里ノ鎖,出典参照がない。
medium,thin_description,technique,tech-a83926de11,三重疾苦,説明が17字。条件・制限・効果として不足。
high,first_pass_pending,technique,tech-a83926de11,三重疾苦,技・術式個別の再精査前。
high,first_pass_pending,technique,tech-3ed1d78924,不知井底,技・術式個別の再精査前。
high,first_pass_pending,technique,tech-4688b07b42,不義遊戯,技・術式個別の再精査前。
high,first_pass_pending,technique,tech-d845dd244c,不義遊戯 改,技・術式個別の再精査前。
high,first_pass_pending,technique,tech-ab33983457,世界を断つ斬撃,技・術式個別の再精査前。
high,missing_sources,technique,tech-phase5-miracle-cannon,二重大祓砲,出典参照がない。
high,missing_sources,technique,tech-phase3-tsukumoso,付喪操術,出典参照がない。
high,first_pass_pending,technique,tech-af5ae87255,伏魔御廚子,技・術式個別の再精査前。
high,first_pass_pending,technique,tech-3a1afe6fc8,供花,技・術式個別の再精査前。
high,first_pass_pending,technique,tech-870eff819a,傀儡操術,技・術式個別の再精査前。
high,first_pass_pending,technique,tech-9761156f3b,八握剣異戒神将魔虚羅,技・術式個別の再精査前。
high,first_pass_pending,technique,tech-1baac5a3fc,六眼,技・術式個別の再精査前。
high,first_pass_pending,technique,tech-d9180946ec,共鳴り,技・術式個別の再精査前。
high,first_pass_pending,technique,tech-05a7ab0dcd,円鹿,技・術式個別の再精査前。
high,first_pass_pending,technique,tech-4b7f0d29f5,再契象,技・術式個別の再精査前。
high,first_pass_pending,technique,tech-e1903ce05c,処刑人の剣,技・術式個別の再精査前。
high,first_pass_pending,technique,tech-a34bfbb398,凰輪,技・術式個別の再精査前。
high,missing_sources,technique,tech-phase4-clone-unnamed,分身を作る術式（名称不明）,出典参照がない。
high,first_pass_pending,technique,tech-e69f8fd37d,十劃呪法,技・術式個別の再精査前。
high,first_pass_pending,technique,tech-7c3237f986,十種影法術,技・術式個別の再精査前。
high,first_pass_pending,technique,tech-6dcae0cbae,単独禁区,技・術式個別の再精査前。
high,first_pass_pending,technique,tech-cf5d1ac726,反転術式,技・術式個別の再精査前。
high,first_pass_pending,technique,tech-d3451c7bbb,反重力機構,技・術式個別の再精査前。
high,first_pass_pending,technique,tech-07d7ee8f6e,呪いの種子,技・術式個別の再精査前。
high,first_pass_pending,technique,tech-5607df824a,呪力放出,技・術式個別の再精査前。
high,first_pass_pending,technique,tech-deb6545546,呪言,技・術式個別の再精査前。
high,first_pass_pending,technique,tech-1bc0d9ec7b,呪霊操術,技・術式個別の再精査前。
high,missing_sources,technique,tech-phase5-commissioned-curtain,嘱託式の帳,出典参照がない。
high,first_pass_pending,technique,tech-39d2b30b48,坐殺博徒,技・術式個別の再精査前。
high,first_pass_pending,technique,tech-f81d55ad09,多重魂,技・術式個別の再精査前。
high,missing_sources,technique,tech-phase5-polymorphic-soul-isomer,多重魂「撥体」,出典参照がない。
high,missing_sources,technique,tech-phase5-ultra-cannon,大祓砲,出典参照がない。
high,first_pass_pending,technique,tech-2abcf48f04,大蛇,技・術式個別の再精査前。
high,missing_sources,technique,tech-phase4-inverted-spear,天逆鉾,出典参照がない。
high,first_pass_pending,technique,tech-0ec3138e2c,奇跡,技・術式個別の再精査前。
high,first_pass_pending,technique,tech-582460898c,宇守羅彈,技・術式個別の再精査前。
high,first_pass_pending,technique,tech-1cd41afe2a,嵌合暗翳庭,技・術式個別の再精査前。
high,first_pass_pending,technique,tech-7279b3b06c,嵌合獣 顎吐,技・術式個別の再精査前。
high,first_pass_pending,technique,tech-d35d193e62,幻獣琥珀,技・術式個別の再精査前。
high,first_pass_pending,technique,tech-a0a8d9c6ff,幾魂異性体,技・術式個別の再精査前。
high,first_pass_pending,technique,tech-4298e6aa9b,式神の軌跡を領域にする術式,技・術式個別の再精査前。
high,first_pass_pending,technique,tech-1e8e6dda24,彌虚葛籠,技・術式個別の再精査前。
high,first_pass_pending,technique,tech-ae26dbd914,御厨子,技・術式個別の再精査前。
high,first_pass_pending,technique,tech-4b6127d8a9,心身掌握,技・術式個別の再精査前。
high,first_pass_pending,technique,tech-cc23098baa,投射呪法,技・術式個別の再精査前。
high,first_pass_pending,technique,tech-7f37ba28b4,捌,技・術式個別の再精査前。
medium,thin_description,technique,tech-73135cb5c7,撥体,説明が19字。条件・制限・効果として不足。
high,first_pass_pending,technique,tech-73135cb5c7,撥体,技・術式個別の再精査前。
high,first_pass_pending,technique,tech-a35b2bcd34,改造人間,技・術式個別の再精査前。
high,first_pass_pending,technique,tech-2374b0f892,星の怒り,技・術式個別の再精査前。
high,first_pass_pending,technique,tech-f030266d16,星間飛行,技・術式個別の再精査前。
high,first_pass_pending,technique,tech-1e8b90a741,時胞月宮殿,技・術式個別の再精査前。
medium,missing_chapters,technique,tech-ba7bef139c,朶頤光海,関連話がない。
high,first_pass_pending,technique,tech-ba7bef139c,朶頤光海,技・術式個別の再精査前。
high,first_pass_pending,technique,tech-c8154fa79f,朽,技・術式個別の再精査前。
high,first_pass_pending,technique,tech-146ed91574,来訪瑞獣,技・術式個別の再精査前。
high,first_pass_pending,technique,tech-9754429d12,植物を操る術式,技・術式個別の再精査前。
high,first_pass_pending,technique,tech-0ed3695b85,極ノ番「うずまき」,技・術式個別の再精査前。
high,first_pass_pending,technique,tech-bbdf7b1f2f,極ノ番「隕」,技・術式個別の再精査前。
high,first_pass_pending,technique,tech-76bee748ec,楽巌寺の音楽術式,技・術式個別の再精査前。
high,first_pass_pending,technique,tech-59d1d0e465,構築術式,技・術式個別の再精査前。
high,first_pass_pending,technique,tech-9fc56bc1ca,模倣,技・術式個別の再精査前。
high,first_pass_pending,technique,tech-dc54ab0cd7,死累累湧軍,技・術式個別の再精査前。
high,first_pass_pending,technique,tech-8b33629c5d,水と海洋生物の術式,技・術式個別の再精査前。
high,first_pass_pending,technique,tech-7210756e15,氷凝呪法,技・術式個別の再精査前。
high,first_pass_pending,technique,tech-df284f67ad,満象,技・術式個別の再精査前。
high,missing_sources,technique,tech-phase3-drumming-beat,激震掌（ドラミングビート）,出典参照がない。
high,first_pass_pending,technique,tech-542b17dcab,火山を操る術式,技・術式個別の再精査前。
medium,thin_description,technique,tech-ff727e6493,火礫蟲,説明が15字。条件・制限・効果として不足。
high,first_pass_pending,technique,tech-ff727e6493,火礫蟲,技・術式個別の再精査前。
high,first_pass_pending,technique,tech-cf2f8dca4a,無下限呪術,技・術式個別の再精査前。
high,first_pass_pending,technique,tech-71a2d65cad,無為転変,技・術式個別の再精査前。
high,first_pass_pending,technique,tech-14f96ce777,無量空処,技・術式個別の再精査前。
high,first_pass_pending,technique,tech-8b181ff845,無限,技・術式個別の再精査前。
high,first_pass_pending,technique,tech-c4bca862c9,爛生刀,技・術式個別の再精査前。
high,missing_sources,technique,tech-phase5-prison-realm,獄門疆,出典参照がない。
high,first_pass_pending,technique,tech-346182ab1b,獬豸,技・術式個別の再精査前。
high,first_pass_pending,technique,tech-6c8be9e9eb,玉犬,技・術式個別の再精査前。
high,first_pass_pending,technique,tech-71d1706395,玉犬「渾」,技・術式個別の再精査前。
high,first_pass_pending,technique,tech-3f2f2d1e05,瓦落瓦落,技・術式個別の再精査前。
high,first_pass_pending,technique,tech-5eb242be96,百斂,技・術式個別の再精査前。
medium,thin_description,technique,tech-6e8a713c5b,直瀑,説明が19字。条件・制限・効果として不足。
high,first_pass_pending,technique,tech-6e8a713c5b,直瀑,技・術式個別の再精査前。
high,first_pass_pending,technique,tech-a9deccca5f,真球,技・術式個別の再精査前。
high,first_pass_pending,technique,tech-2e1d5d03db,真贋相愛,技・術式個別の再精査前。
high,first_pass_pending,technique,tech-7310b2ccf2,祈祷の歌,技・術式個別の再精査前。
high,first_pass_pending,technique,tech-99fb78ca51,神風,技・術式個別の再精査前。
high,first_pass_pending,technique,tech-c2ae5ed6dc,究極メカ丸,技・術式個別の再精査前。
high,first_pass_pending,technique,tech-a9666d4ecb,空を操る術式,技・術式個別の再精査前。
high,first_pass_pending,technique,tech-5d6a005065,穿血,技・術式個別の再精査前。
high,first_pass_pending,technique,tech-4b0b9dc682,竈「開」,技・術式個別の再精査前。
high,first_pass_pending,technique,tech-ffcf652351,竜,技・術式個別の再精査前。
high,first_pass_pending,technique,tech-e28246ff34,簡易領域,技・術式個別の再精査前。
high,first_pass_pending,technique,tech-932f1fb717,簪,技・術式個別の再精査前。
high,first_pass_pending,technique,tech-5c0ec253ee,翅王,技・術式個別の再精査前。
high,first_pass_pending,technique,tech-6246245c7a,肉体を渡る術式,技・術式個別の再精査前。
high,first_pass_pending,technique,tech-f1d024fea2,胎蔵遍野,技・術式個別の再精査前。
high,first_pass_pending,technique,tech-0be6deff32,脱兎,技・術式個別の再精査前。
high,first_pass_pending,technique,tech-f0f06d52dc,自閉円頓裹,技・術式個別の再精査前。
high,first_pass_pending,technique,tech-2ac2471b12,芻霊呪法,技・術式個別の再精査前。
high,missing_sources,technique,tech-phase3-karibarai,苅祓,出典参照がない。
high,first_pass_pending,technique,tech-7341630eb6,落花の情,技・術式個別の再精査前。
high,first_pass_pending,technique,tech-6af565fce4,蓋棺鉄囲山,技・術式個別の再精査前。
high,first_pass_pending,technique,tech-81aaf10015,蕩蘊平線,技・術式個別の再精査前。
high,first_pass_pending,technique,tech-1aadb53ceb,虎杖悠仁の領域,技・術式個別の再精査前。
high,first_pass_pending,technique,tech-fb21434f98,虚式「茈」,技・術式個別の再精査前。
high,first_pass_pending,technique,tech-d9efa28175,蝕爛腐術,技・術式個別の再精査前。
medium,thin_description,technique,tech-b18262c082,蝦蟇,説明が17字。条件・制限・効果として不足。
high,first_pass_pending,technique,tech-b18262c082,蝦蟇,技・術式個別の再精査前。
high,first_pass_pending,technique,tech-2326f083fd,術式の消滅,技・術式個別の再精査前。
high,first_pass_pending,technique,tech-6e6dd087e1,術式反転「赫」,技・術式個別の再精査前。
high,first_pass_pending,technique,tech-90aaa17cfe,術式順転「蒼」,技・術式個別の再精査前。
high,missing_sources,technique,tech-phase5-mechamaru-mode-absolute,装甲傀儡 究極メカ丸 試作0号,出典参照がない。
high,first_pass_pending,technique,tech-d2feb31d47,解,技・術式個別の再精査前。
high,first_pass_pending,technique,tech-3bd924870c,誅伏賜死,技・術式個別の再精査前。
medium,thin_description,technique,tech-5481fbccc6,貫牛,説明が19字。条件・制限・効果として不足。
high,first_pass_pending,technique,tech-5481fbccc6,貫牛,技・術式個別の再精査前。
high,missing_sources,technique,tech-phase3-aka-shibari,赤縛,出典参照がない。
high,first_pass_pending,technique,tech-a1213858c7,赤血操術,技・術式個別の再精査前。
high,first_pass_pending,technique,tech-e66786ca8f,赤鱗躍動,技・術式個別の再精査前。
high,first_pass_pending,technique,tech-4b352da6cb,超人,技・術式個別の再精査前。
high,first_pass_pending,technique,tech-17ae81079b,超新星,技・術式個別の再精査前。
high,missing_sources,technique,tech-phase5-pigeon-viola,追尾弾～五重奏～,出典参照がない。
high,first_pass_pending,technique,tech-c657f1cc7e,遍殺即霊体,技・術式個別の再精査前。
high,first_pass_pending,technique,tech-56316150ed,邪去侮の梯子,技・術式個別の再精査前。
high,missing_sources,technique,tech-phase4-split-soul-katana,釈魂刀,出典参照がない。
high,first_pass_pending,technique,tech-fbf15eb3e2,降霊術,技・術式個別の再精査前。
high,first_pass_pending,technique,tech-aee71097f5,電気の呪力特性,技・術式個別の再精査前。
high,first_pass_pending,technique,tech-025face7f0,霊亀,技・術式個別の再精査前。
medium,thin_description,technique,tech-c958121642,霜凪,説明が17字。条件・制限・効果として不足。
high,first_pass_pending,technique,tech-c958121642,霜凪,技・術式個別の再精査前。
high,first_pass_pending,technique,tech-34f2643025,領域展延,技・術式個別の再精査前。
high,first_pass_pending,technique,tech-996d48af99,鵺,技・術式個別の再精査前。
high,first_pass_pending,technique,tech-589e683ddd,麒麟,技・術式個別の再精査前。
high,first_pass_pending,technique,tech-69d5ecb511,黒閃,技・術式個別の再精査前。
high,first_pass_pending,technique,tech-ab3bfa159a,黒鳥操術,技・術式個別の再精査前。
high,missing_sources,technique,tech-phase5-ino-ryu,龍,出典参照がない。
high,missing_sources,term,term-phase6-adaptation,あらゆる事象への適応,直接の出典参照がない。
high,missing_sources,term,term-8a6e43878f,コガネ,直接の出典参照がない。
high,first_pass_pending,term,term-8a6e43878f,コガネ,用語個別の再精査前。
high,missing_sources,term,term-phase5-new-shadow-style,シン・陰流,直接の出典参照がない。
high,missing_sources,term,term-f6f3d2df55,パンダの三つの核,直接の出典参照がない。
high,missing_sources,term,term-38f3fd22bf,パンダ活動停止,直接の出典参照がない。
medium,missing_chapters,term,term-38f3fd22bf,パンダ活動停止,関連話がない。
high,missing_sources,term,term-b91ee9e36d,フィジカルギフテッド,直接の出典参照がない。
medium,missing_chapters,term,term-b91ee9e36d,フィジカルギフテッド,関連話がない。
high,first_pass_pending,term,term-b91ee9e36d,フィジカルギフテッド,用語個別の再精査前。
high,missing_sources,term,term-399736afa9,ブラックホール,直接の出典参照がない。
high,missing_sources,term,term-phase3-grade1-recommendation,一級術師推薦,直接の出典参照がない。
high,missing_sources,term,term-96346336c2,三者同時の領域展開,直接の出典参照がない。
high,missing_sources,term,term-5aa1fd50d5,世界を断つ斬撃の成立,直接の出典参照がない。
high,missing_sources,term,term-a0ce00ef9e,両面宿儺の指,直接の出典参照がない。
high,first_pass_pending,term,term-a0ce00ef9e,両面宿儺の指,用語個別の再精査前。
high,missing_sources,term,term-08541db692,五条家,直接の出典参照がない。
high,first_pass_pending,term,term-08541db692,五条家,用語個別の再精査前。
high,missing_sources,term,term-549dd18f32,京都姉妹校交流会,直接の出典参照がない。
high,missing_sources,term,term-02e77960ce,京都府立呪術高等専門学校,直接の出典参照がない。
medium,missing_chapters,term,term-02e77960ce,京都府立呪術高等専門学校,関連話がない。
high,first_pass_pending,term,term-02e77960ce,京都府立呪術高等専門学校,用語個別の再精査前。
high,missing_sources,term,term-3efd4cb8d8,仙台結界,直接の出典参照がない。
high,missing_sources,term,term-1f164a840a,仙台結界の四つ巴,直接の出典参照がない。
high,missing_sources,term,term-78481f5abd,仮想怨霊,直接の出典参照がない。
medium,missing_chapters,term,term-78481f5abd,仮想怨霊,関連話がない。
high,first_pass_pending,term,term-78481f5abd,仮想怨霊,用語個別の再精査前。
high,missing_sources,term,term-41c52a18d0,仮想質量,直接の出典参照がない。
high,missing_sources,term,term-f314ce3b7a,伏黒恵への受肉,直接の出典参照がない。
high,missing_sources,term,term-61f2f5fc0d,元星漿体,直接の出典参照がない。
high,missing_sources,term,term-7efec3f5a3,入れ替え修行,直接の出典参照がない。
high,first_pass_pending,term,term-7efec3f5a3,入れ替え修行,用語個別の再精査前。
high,missing_sources,term,term-phase5-six-eyes,六眼,直接の出典参照がない。
high,missing_sources,term,term-3777b71218,加茂家,直接の出典参照がない。
high,first_pass_pending,term,term-3777b71218,加茂家,用語個別の再精査前。
high,missing_sources,term,term-phase7-thousand-year-vows,千年前の術師との縛り,直接の出典参照がない。
high,missing_sources,term,term-phase8-southern-cross,南十字座の星順,直接の出典参照がない。
high,missing_sources,term,term-cf5d1ac726,反転術式,直接の出典参照がない。
high,first_pass_pending,term,term-cf5d1ac726,反転術式,用語個別の再精査前。
high,missing_sources,term,term-3f0111dca8,受肉,直接の出典参照がない。
high,first_pass_pending,term,term-3f0111dca8,受肉,用語個別の再精査前。
high,missing_sources,term,term-phase7-incarnated-sorcerer,受肉型の術師,直接の出典参照がない。
high,missing_sources,term,term-6de7063fc5,受肉術師と器の抑圧,直接の出典参照がない。
high,missing_sources,term,term-c91391b066,呪い,直接の出典参照がない。
high,first_pass_pending,term,term-c91391b066,呪い,用語個別の再精査前。
high,missing_sources,term,term-ed19637c63,呪具,直接の出典参照がない。
high,first_pass_pending,term,term-ed19637c63,呪具,用語個別の再精査前。
high,missing_sources,term,term-252cb4a664,呪力,直接の出典参照がない。
high,first_pass_pending,term,term-252cb4a664,呪力,用語個別の再精査前。
high,missing_sources,term,term-phase7-break-from-cursed-energy,呪力からの脱却,直接の出典参照がない。
high,missing_sources,term,term-phase7-cursed-energy-optimization,呪力の最適化,直接の出典参照がない。
high,missing_sources,term,term-8485d1a225,呪力の電荷,直接の出典参照がない。
high,missing_sources,term,term-phase4-zero-cursed-energy,呪力ゼロ,直接の出典参照がない。
high,missing_sources,term,term-cd15f7853a,呪力ゼロと領域の対象外,直接の出典参照がない。
high,missing_sources,term,term-c6defb1c13,呪力出力,直接の出典参照がない。
high,first_pass_pending,term,term-c6defb1c13,呪力出力,用語個別の再精査前。
high,missing_sources,term,term-c8634f0e2d,呪力効率,直接の出典参照がない。
medium,missing_chapters,term,term-c8634f0e2d,呪力効率,関連話がない。
high,first_pass_pending,term,term-c8634f0e2d,呪力効率,用語個別の再精査前。
high,missing_sources,term,term-799b9a99e3,呪力特性,直接の出典参照がない。
medium,missing_chapters,term,term-799b9a99e3,呪力特性,関連話がない。
high,first_pass_pending,term,term-799b9a99e3,呪力特性,用語個別の再精査前。
high,missing_sources,term,term-9f7b077da4,呪力総量,直接の出典参照がない。
medium,missing_chapters,term,term-9f7b077da4,呪力総量,関連話がない。
high,first_pass_pending,term,term-9f7b077da4,呪力総量,用語個別の再精査前。
high,missing_sources,term,term-c063667868,呪力資源化計画,直接の出典参照がない。
high,missing_sources,term,term-5b5abca89c,呪物,直接の出典参照がない。
high,first_pass_pending,term,term-5b5abca89c,呪物,用語個別の再精査前。
high,missing_sources,term,term-f57cd720b8,呪縛,直接の出典参照がない。
high,missing_sources,term,term-d321a3c48f,呪胎,直接の出典参照がない。
high,missing_sources,term,term-c5958133bc,呪胎九相図,直接の出典参照がない。
high,first_pass_pending,term,term-c5958133bc,呪胎九相図,用語個別の再精査前。
high,missing_sources,term,term-phase8-twins-jujutsu,呪術における双子,直接の出典参照がない。
high,missing_sources,term,term-32f18a66ec,呪術総監部,直接の出典参照がない。
high,first_pass_pending,term,term-32f18a66ec,呪術総監部,用語個別の再精査前。
high,missing_sources,term,term-phase8-jujutsu-regulations,呪術規定,直接の出典参照がない。
high,missing_sources,term,term-3f92b6bb78,呪術高専,直接の出典参照がない。
high,first_pass_pending,term,term-3f92b6bb78,呪術高専,用語個別の再精査前。
medium,thin_definition,term,term-041be91538,呪詛師,定義が17字。
high,missing_sources,term,term-041be91538,呪詛師,直接の出典参照がない。
high,first_pass_pending,term,term-041be91538,呪詛師,用語個別の再精査前。
high,missing_sources,term,term-phase4-group-q,呪詛師集団Q,直接の出典参照がない。
high,missing_sources,term,term-8914e5bc1a,呪霊,直接の出典参照がない。
high,first_pass_pending,term,term-8914e5bc1a,呪霊,用語個別の再精査前。
high,missing_sources,term,term-phase3-team-battle,呪霊討伐競争,直接の出典参照がない。
high,missing_sources,term,term-37f8736467,呪骸,直接の出典参照がない。
high,first_pass_pending,term,term-37f8736467,呪骸,用語個別の再精査前。
high,missing_sources,term,term-phase5-commissioned-curtain,嘱託式の帳,直接の出典参照がない。
high,missing_sources,term,term-a927605750,器,直接の出典参照がない。
high,first_pass_pending,term,term-a927605750,器,用語個別の再精査前。
high,missing_sources,term,term-1c3b13971d,坐殺博徒の4分11秒,直接の出典参照がない。
high,missing_sources,term,term-c3a59e1049,堕天,直接の出典参照がない。
high,missing_sources,term,term-adb9e5012c,外国軍侵入,直接の出典参照がない。
high,missing_sources,term,term-bfcc1b065d,天与呪縛,直接の出典参照がない。
high,first_pass_pending,term,term-bfcc1b065d,天与呪縛,用語個別の再精査前。
high,missing_sources,term,term-dad5591883,天元と人類の同化,直接の出典参照がない。
high,missing_sources,term,term-87e5231adf,天元の同化,直接の出典参照がない。
high,first_pass_pending,term,term-87e5231adf,天元の同化,用語個別の再精査前。
high,missing_sources,term,term-5fdd542215,天逆鉾,直接の出典参照がない。
high,first_pass_pending,term,term-5fdd542215,天逆鉾,用語個別の再精査前。
high,missing_sources,term,term-76365024bd,契闊,直接の出典参照がない。
high,missing_sources,term,term-6024d040a4,完全受肉,直接の出典参照がない。
high,missing_sources,term,term-phase8-autonomous-corpse,完全自立型人工知能呪骸,直接の出典参照がない。
high,missing_sources,term,term-81cd96e9ac,完全顕現の五分間,直接の出典参照がない。
high,missing_sources,term,term-776e9a8f91,宿儺の消滅,直接の出典参照がない。
high,missing_sources,term,term-e0d5d36e22,宿儺最後の指,直接の出典参照がない。
high,missing_sources,term,term-c195cec023,対領域技術,直接の出典参照がない。
high,missing_sources,term,term-f9e3abf542,帳,直接の出典参照がない。
high,first_pass_pending,term,term-f9e3abf542,帳,用語個別の再精査前。
high,missing_sources,term,term-cba4367139,式神,直接の出典参照がない。
high,first_pass_pending,term,term-cba4367139,式神,用語個別の再精査前。
high,missing_sources,term,term-1e8e6dda24,彌虚葛籠,直接の出典参照がない。
medium,missing_chapters,term,term-1e8e6dda24,彌虚葛籠,関連話がない。
high,first_pass_pending,term,term-1e8e6dda24,彌虚葛籠,用語個別の再精査前。
high,missing_sources,term,term-ed29e09cb0,影,直接の出典参照がない。
high,missing_sources,term,term-6d3234fdfd,得点,直接の出典参照がない。
high,first_pass_pending,term,term-6d3234fdfd,得点,用語個別の再精査前。
high,missing_sources,term,term-6f7fa8f5d1,御三家,直接の出典参照がない。
high,first_pass_pending,term,term-6f7fa8f5d1,御三家,用語個別の再精査前。
high,missing_sources,term,term-d97934afcd,必中効果,直接の出典参照がない。
high,first_pass_pending,term,term-d97934afcd,必中効果,用語個別の再精査前。
high,missing_sources,term,term-2afcb02ac1,必中必殺型領域,直接の出典参照がない。
medium,missing_chapters,term,term-2afcb02ac1,必中必殺型領域,関連話がない。
high,first_pass_pending,term,term-2afcb02ac1,必中必殺型領域,用語個別の再精査前。
high,missing_sources,term,term-c3dbb4af08,怨霊,直接の出典参照がない。
high,missing_sources,term,term-43b38a9747,懐玉・玉折,直接の出典参照がない。
medium,missing_chapters,term,term-43b38a9747,懐玉・玉折,関連話がない。
high,first_pass_pending,term,term-43b38a9747,懐玉・玉折,用語個別の再精査前。
high,missing_sources,term,term-905b4f71f8,拡張術式,直接の出典参照がない。
medium,missing_chapters,term,term-905b4f71f8,拡張術式,関連話がない。
high,first_pass_pending,term,term-905b4f71f8,拡張術式,用語個別の再精査前。
high,missing_sources,term,term-phase5-transfigured-human,改造人間,直接の出典参照がない。
high,missing_sources,term,term-9227db2dd2,新陰流当主の縛り,直接の出典参照がない。
high,missing_sources,term,term-c71851990e,旧式領域,直接の出典参照がない。
medium,missing_chapters,term,term-c71851990e,旧式領域,関連話がない。
high,first_pass_pending,term,term-c71851990e,旧式領域,用語個別の再精査前。
high,missing_sources,term,term-6f0611c4ff,星漿体,直接の出典参照がない。
high,first_pass_pending,term,term-6f0611c4ff,星漿体,用語個別の再精査前。
high,missing_sources,term,term-phase4-time-vessel-association,時の器の会,直接の出典参照がない。
high,missing_sources,term,term-152790e31d,東京第1結界,直接の出典参照がない。
high,missing_sources,term,term-5c353791e3,東京第2結界,直接の出典参照がない。
high,missing_sources,term,term-c2a46f1804,東京都立呪術高等専門学校,直接の出典参照がない。
high,first_pass_pending,term,term-c2a46f1804,東京都立呪術高等専門学校,用語個別の再精査前。
high,missing_sources,term,term-c2f186c626,桜島結界,直接の出典参照がない。
high,missing_sources,term,term-907c704f71,極ノ番,直接の出典参照がない。
high,first_pass_pending,term,term-907c704f71,極ノ番,用語個別の再精査前。
high,missing_sources,term,term-phase6-positive-energy,正のエネルギー,直接の出典参照がない。
high,missing_sources,term,term-60e959b66f,死刑,直接の出典参照がない。
high,missing_sources,term,term-bb89ef15f2,死滅回游,直接の出典参照がない。
high,first_pass_pending,term,term-bb89ef15f2,死滅回游,用語個別の再精査前。
high,missing_sources,term,term-f98498c1ef,死滅回游の慣らし,直接の出典参照がない。
high,missing_sources,term,term-50ea4b9d52,死滅回游終了条件の追加,直接の出典参照がない。
high,missing_sources,term,term-phase8-poison,毒,直接の出典参照がない。
high,missing_sources,term,term-7a45f4dbe5,没収と呪具,直接の出典参照がない。
high,missing_sources,term,term-49963d44ff,泳者,直接の出典参照がない。
high,first_pass_pending,term,term-49963d44ff,泳者,用語個別の再精査前。
high,missing_sources,term,term-8ae4844630,浴,直接の出典参照がない。
high,first_pass_pending,term,term-8ae4844630,浴,用語個別の再精査前。
high,missing_sources,term,term-3da4cfdc55,浴による魂の沈下,直接の出典参照がない。
high,missing_sources,term,term-33c0eaca30,渋谷事変,直接の出典参照がない。
high,first_pass_pending,term,term-33c0eaca30,渋谷事変,用語個別の再精査前。
high,missing_sources,term,term-64abcd060b,游雲,直接の出典参照がない。
high,first_pass_pending,term,term-64abcd060b,游雲,用語個別の再精査前。
high,missing_sources,term,term-phase8-hei,炳,直接の出典参照がない。
high,missing_sources,term,term-965bdc282e,物の魂,直接の出典参照がない。
high,missing_sources,term,term-58511e940d,特別一級術師,直接の出典参照がない。
medium,missing_chapters,term,term-58511e940d,特別一級術師,関連話がない。
high,first_pass_pending,term,term-58511e940d,特別一級術師,用語個別の再精査前。
high,missing_sources,term,term-7037f2a1bd,特級,直接の出典参照がない。
high,first_pass_pending,term,term-7037f2a1bd,特級,用語個別の再精査前。
high,missing_sources,term,term-bf1b3beaca,特級呪具,直接の出典参照がない。
high,first_pass_pending,term,term-bf1b3beaca,特級呪具,用語個別の再精査前。
high,missing_sources,term,term-0a4956ab6c,特級呪物,直接の出典参照がない。
high,first_pass_pending,term,term-0a4956ab6c,特級呪物,用語個別の再精査前。
high,missing_sources,term,term-phase5-special-grade-curse,特級呪霊,直接の出典参照がない。
high,missing_sources,term,term-phase6-special-disease-curse,特級特定疾病呪霊,直接の出典参照がない。
high,missing_sources,term,term-6e7e2b846e,獄門疆,直接の出典参照がない。
high,first_pass_pending,term,term-6e7e2b846e,獄門疆,用語個別の再精査前。
high,missing_sources,term,term-f9dde75323,獄門疆「裏」,直接の出典参照がない。
high,first_pass_pending,term,term-f9dde75323,獄門疆「裏」,用語個別の再精査前。
high,missing_sources,term,term-phase5-prison-realm-condition,獄門疆の封印条件,直接の出典参照がない。
high,missing_sources,term,term-cabc80296a,生得術式,直接の出典参照がない。
high,first_pass_pending,term,term-cabc80296a,生得術式,用語個別の再精査前。
high,missing_sources,term,term-ea9fe4b536,生得領域,直接の出典参照がない。
high,first_pass_pending,term,term-ea9fe4b536,生得領域,用語個別の再精査前。
high,missing_sources,term,term-e6db99e6ff,百鬼夜行,直接の出典参照がない。
high,first_pass_pending,term,term-e6db99e6ff,百鬼夜行,用語個別の再精査前。
high,missing_sources,term,term-phase4-star-religious-group,盤星教,直接の出典参照がない。
high,missing_sources,term,term-03b8fbd157,相撲の簡易領域,直接の出典参照がない。
high,missing_sources,term,term-f74654d902,禪院家,直接の出典参照がない。
high,first_pass_pending,term,term-f74654d902,禪院家,用語個別の再精査前。
high,missing_sources,term,term-phase8-cursed-warehouse,禪院家の忌庫,直接の出典参照がない。
high,missing_sources,term,term-9ff83181a2,秘匿死刑,直接の出典参照がない。
high,missing_sources,term,term-2408e781f0,空性結界,直接の出典参照がない。
high,first_pass_pending,term,term-2408e781f0,空性結界,用語個別の再精査前。
high,missing_sources,term,term-phase3-abrupt-mutated-corpse,突然変異呪骸,直接の出典参照がない。
high,missing_sources,term,term-67566a7224,等級,直接の出典参照がない。
high,first_pass_pending,term,term-67566a7224,等級,用語個別の再精査前。
high,missing_sources,term,term-e28246ff34,簡易領域,直接の出典参照がない。
high,first_pass_pending,term,term-e28246ff34,簡易領域,用語個別の再精査前。
high,missing_sources,term,term-phase6-open-barrier-domain,結界を閉じない領域,直接の出典参照がない。
high,missing_sources,term,term-3c7a37c125,結界侵入時の無作為転送,直接の出典参照がない。
high,missing_sources,term,term-5a7fcb32e8,結界術,直接の出典参照がない。
high,first_pass_pending,term,term-5a7fcb32e8,結界術,用語個別の再精査前。
high,missing_sources,term,term-59acaaffab,結界（コロニー）,直接の出典参照がない。
high,first_pass_pending,term,term-59acaaffab,結界（コロニー）,用語個別の再精査前。
high,missing_sources,term,term-79c25be05f,総則,直接の出典参照がない。
high,first_pass_pending,term,term-79c25be05f,総則,用語個別の再精査前。
high,missing_sources,term,term-7ef1b59819,総則10（得点移動）,直接の出典参照がない。
high,missing_sources,term,term-c38a86467e,総則11（身代わりと離脱）,直接の出典参照がない。
high,missing_sources,term,term-40e6a89fc4,縛り,直接の出典参照がない。
high,first_pass_pending,term,term-40e6a89fc4,縛り,用語個別の再精査前。
high,missing_sources,term,term-01e0c1e52e,罪悪感,直接の出典参照がない。
high,missing_sources,term,term-phase5-body,肉体,直接の出典参照がない。
high,missing_sources,term,term-7341630eb6,落花の情,直接の出典参照がない。
high,first_pass_pending,term,term-7341630eb6,落花の情,用語個別の再精査前。
high,missing_sources,term,term-58cf854ee7,薨星宮,直接の出典参照がない。
high,first_pass_pending,term,term-58cf854ee7,薨星宮,用語個別の再精査前。
high,missing_sources,term,term-1fd2866c44,虎杖の血統・単行本訂正,直接の出典参照がない。
high,missing_sources,term,term-e3eff1da1c,術師,直接の出典参照がない。
high,first_pass_pending,term,term-e3eff1da1c,術師,用語個別の再精査前。
high,missing_sources,term,term-phase4-sorcerer-killer,術師殺し,直接の出典参照がない。
high,missing_sources,term,term-ad8bd57883,術式,直接の出典参照がない。
high,first_pass_pending,term,term-ad8bd57883,術式,用語個別の再精査前。
high,missing_sources,term,term-phase4-limitless-automation,術式の常時自動化,直接の出典参照がない。
high,missing_sources,term,term-54c44682c5,術式の焼き切れ,直接の出典参照がない。
high,first_pass_pending,term,term-54c44682c5,術式の焼き切れ,用語個別の再精査前。
high,missing_sources,term,term-2a5525400d,術式の開示,直接の出典参照がない。
high,first_pass_pending,term,term-2a5525400d,術式の開示,用語個別の再精査前。
high,missing_sources,term,term-278ed5da66,術式剥奪,直接の出典参照がない。
high,first_pass_pending,term,term-278ed5da66,術式剥奪,用語個別の再精査前。
high,missing_sources,term,term-dbce7f28c0,術式反転,直接の出典参照がない。
medium,missing_chapters,term,term-dbce7f28c0,術式反転,関連話がない。
high,first_pass_pending,term,term-dbce7f28c0,術式反転,用語個別の再精査前。
high,missing_sources,term,term-phase7-technique-extraction,術式抽出（うずまき）,直接の出典参照がない。
high,missing_sources,term,term-f7be87831e,術式消滅,直接の出典参照がない。
high,missing_sources,term,term-8ecf601679,術式順転,直接の出典参照がない。
medium,missing_chapters,term,term-8ecf601679,術式順転,関連話がない。
high,first_pass_pending,term,term-8ecf601679,術式順転,用語個別の再精査前。
high,missing_sources,term,term-c74cac6805,補助監督,直接の出典参照がない。
high,first_pass_pending,term,term-c74cac6805,補助監督,用語個別の再精査前。
high,missing_sources,term,term-phase7-awakened-sorcerer,覚醒型の術師,直接の出典参照がない。
high,missing_sources,term,term-2e3682fd6a,解呪,直接の出典参照がない。
high,missing_sources,term,term-phase8-punishment-room,訓練・懲罰部屋,直接の出典参照がない。
high,missing_sources,term,term-phase6-taming-ritual,調伏の儀,直接の出典参照がない。
high,missing_sources,term,term-phase8-kukuru,躯倶留隊,直接の出典参照がない。
high,missing_sources,term,term-3c3554872b,逕庭拳,直接の出典参照がない。
high,first_pass_pending,term,term-3c3554872b,逕庭拳,用語個別の再精査前。
high,missing_sources,term,term-e70d29a871,過呪怨霊,直接の出典参照がない。
high,first_pass_pending,term,term-e70d29a871,過呪怨霊,用語個別の再精査前。
high,missing_sources,term,term-fe317d92dc,釈魂刀,直接の出典参照がない。
high,first_pass_pending,term,term-fe317d92dc,釈魂刀,用語個別の再精査前。
high,missing_sources,term,term-5cb906769f,閉じない領域,直接の出典参照がない。
medium,missing_chapters,term,term-5cb906769f,閉じない領域,関連話がない。
high,first_pass_pending,term,term-5cb906769f,閉じない領域,用語個別の再精査前。
high,missing_sources,term,term-e2187cdee5,非必殺型領域,直接の出典参照がない。
high,missing_sources,term,term-cf5652fdbe,非術師,直接の出典参照がない。
high,first_pass_pending,term,term-cf5652fdbe,非術師,用語個別の再精査前。
high,missing_sources,term,term-811629f74a,非術式死による怨霊化,直接の出典参照がない。
high,missing_sources,term,term-8caa008608,領域,直接の出典参照がない。
high,missing_sources,term,term-phase6-domain-clash,領域の押し合い,直接の出典参照がない。
high,missing_sources,term,term-34f2643025,領域展延,直接の出典参照がない。
high,first_pass_pending,term,term-34f2643025,領域展延,用語個別の再精査前。
high,missing_sources,term,term-e6a70dfe56,領域展開,直接の出典参照がない。
high,first_pass_pending,term,term-e6a70dfe56,領域展開,用語個別の再精査前。
high,missing_sources,term,term-phase4-mole,高専内通者,直接の出典参照がない。
high,missing_sources,term,term-65867f280c,魂,直接の出典参照がない。
high,first_pass_pending,term,term-65867f280c,魂,用語個別の再精査前。
high,missing_sources,term,term-bb7659490f,魂の境界,直接の出典参照がない。
high,first_pass_pending,term,term-bb7659490f,魂の境界,用語個別の再精査前。
high,missing_sources,term,term-fd9bed17d6,黒縄,直接の出典参照がない。
high,first_pass_pending,term,term-fd9bed17d6,黒縄,用語個別の再精査前。
high,missing_sources,term,term-69d5ecb511,黒閃,直接の出典参照がない。
high,first_pass_pending,term,term-69d5ecb511,黒閃,用語個別の再精査前。
medium,reverse_index_mismatch,character,char-656fe03d94,つばさ,ch-019: 人物側にあるが各話側にない。
medium,reverse_index_mismatch,character,char-1896d42b18,アルバイト,ch-010: 人物側にあるが各話側にない。
medium,reverse_index_mismatch,character,char-6e5f124638,ケンさん,ch-146: 人物側にあるが各話側にない。
medium,reverse_index_mismatch,character,char-6cd94bbcdf,ツカモト,ch-013: 人物側にあるが各話側にない。
medium,reverse_index_mismatch,character,char-dcb6ddb293,バカA,ch-055: 人物側にあるが各話側にない。
medium,reverse_index_mismatch,character,char-3ed1d78924,不知井底,ch-017: 人物側にあるが各話側にない。
medium,reverse_index_mismatch,character,char-3ed1d78924,不知井底,ch-043: 人物側にあるが各話側にない。
medium,reverse_index_mismatch,character,char-3ed1d78924,不知井底,ch-044: 人物側にあるが各話側にない。
medium,reverse_index_mismatch,character,char-3ed1d78924,不知井底,ch-047: 人物側にあるが各話側にない。
medium,reverse_index_mismatch,character,char-383f9ce538,伏黒恵の母,ch-075: 人物側にあるが各話側にない。
medium,reverse_index_mismatch,character,char-9bdffe1087,加藤空,ch-183: 人物側にあるが各話側にない。
medium,reverse_index_mismatch,character,char-c9bc52aaf1,化身玉藻前,zero-04: 人物側にあるが各話側にない。
medium,reverse_index_mismatch,character,char-207d1e2959,天ノ川小百合,ch-183: 人物側にあるが各話側にない。
medium,reverse_index_mismatch,character,char-ac5bfb99ac,太助,ch-068: 人物側にあるが各話側にない。
medium,reverse_index_mismatch,character,char-9d5781cc30,山口夕輝,ch-183: 人物側にあるが各話側にない。
medium,reverse_index_mismatch,character,char-a6a1c5d1be,山口紗夜花,ch-183: 人物側にあるが各話側にない。
medium,reverse_index_mismatch,character,char-ba1a693126,憲紀の母の新しい夫,ch-191: 人物側にあるが各話側にない。
medium,reverse_index_mismatch,character,char-25dbde0cc7,憲紀の異父弟,ch-191: 人物側にあるが各話側にない。
medium,reverse_index_mismatch,character,char-1bbe626376,斉藤さん（娘）,zero-03: 人物側にあるが各話側にない。
medium,reverse_index_mismatch,character,char-91ac59016d,斉藤さん（母）,zero-03: 人物側にあるが各話側にない。
medium,reverse_index_mismatch,character,char-9f27f7b399,斎藤雨矢,ch-183: 人物側にあるが各話側にない。
medium,reverse_index_mismatch,character,char-0fd233938d,朝霧夢,ch-183: 人物側にあるが各話側にない。
medium,reverse_index_mismatch,character,char-9aa6c80b61,池沢,ch-181: 人物側にあるが各話側にない。
medium,reverse_index_mismatch,character,char-8e2aed473c,清水涼香,ch-183: 人物側にあるが各話側にない。
medium,reverse_index_mismatch,character,char-76c359aa1d,玉犬 白,ch-001: 人物側にあるが各話側にない。
medium,reverse_index_mismatch,character,char-76c359aa1d,玉犬 白,ch-006: 人物側にあるが各話側にない。
medium,reverse_index_mismatch,character,char-8236095713,玉犬 黒,ch-001: 人物側にあるが各話側にない。
medium,reverse_index_mismatch,character,char-8236095713,玉犬 黒,ch-006: 人物側にあるが各話側にない。
medium,reverse_index_mismatch,character,char-8236095713,玉犬 黒,ch-058: 人物側にあるが各話側にない。
medium,reverse_index_mismatch,character,char-71d1706395,玉犬「渾」,ch-047: 人物側にあるが各話側にない。
medium,reverse_index_mismatch,character,char-71d1706395,玉犬「渾」,ch-058: 人物側にあるが各話側にない。
medium,reverse_index_mismatch,character,char-71d1706395,玉犬「渾」,ch-173: 人物側にあるが各話側にない。
medium,reverse_index_mismatch,character,char-3e900c584c,藤沼,ch-055: 人物側にあるが各話側にない。
medium,reverse_index_mismatch,character,char-5bc95bc9e0,藤沼（姉）,ch-055: 人物側にあるが各話側にない。
medium,reverse_index_mismatch,character,char-1b63d8dcdc,金森,zero-03: 人物側にあるが各話側にない。
medium,reverse_index_mismatch,technique,tech-d845dd244c,不義遊戯 改,ch-260: 技側にあるが各話側にない。
medium,reverse_index_mismatch,technique,tech-d845dd244c,不義遊戯 改,ch-263: 技側にあるが各話側にない。
medium,reverse_index_mismatch,technique,tech-d845dd244c,不義遊戯 改,ch-264: 技側にあるが各話側にない。
medium,reverse_index_mismatch,technique,tech-5607df824a,呪力放出,ch-176: 技側にあるが各話側にない。
medium,reverse_index_mismatch,technique,tech-5607df824a,呪力放出,ch-177: 技側にあるが各話側にない。
medium,reverse_index_mismatch,technique,tech-5607df824a,呪力放出,ch-178: 技側にあるが各話側にない。
medium,reverse_index_mismatch,technique,tech-5607df824a,呪力放出,ch-179: 技側にあるが各話側にない。
medium,reverse_index_mismatch,technique,tech-5607df824a,呪力放出,ch-180: 技側にあるが各話側にない。
medium,reverse_index_mismatch,technique,tech-ffcf652351,竜,ch-148: 技側にあるが各話側にない。
medium,reverse_index_mismatch,technique,tech-ffcf652351,竜,ch-150: 技側にあるが各話側にない。
medium,reverse_index_mismatch,technique,tech-589e683ddd,麒麟,ch-257: 技側にあるが各話側にない。
medium,reverse_index_mismatch,chapter,ch-010,雨後,技 呪言 側にこの話がない。
medium,reverse_index_mismatch,chapter,ch-013,映画鑑賞,技 火山を操る術式 側にこの話がない。
medium,reverse_index_mismatch,chapter,ch-138,禪院家,技 竈「開」 側にこの話がない。
medium,reverse_index_mismatch,chapter,ch-144,あの場所,技 六眼 側にこの話がない。
medium,reverse_index_mismatch,chapter,ch-144,あの場所,技 反転術式 側にこの話がない。
medium,reverse_index_mismatch,chapter,ch-153,賭け試合,技 竈「開」 側にこの話がない。
medium,reverse_index_mismatch,chapter,ch-220,自浄自縛,技 解 側にこの話がない。
medium,reverse_index_mismatch,chapter,ch-222,予兆,技 無限 側にこの話がない。
medium,reverse_index_mismatch,chapter,ch-222,予兆,技 無下限呪術 側にこの話がない。
medium,reverse_index_mismatch,chapter,ch-217,浴②,用語 魂 側にこの話がない。
medium,reverse_index_mismatch,chapter,ch-218,浴③,用語 術式 側にこの話がない。
medium,reverse_index_mismatch,chapter,ch-231,人外魔境新宿決戦⑨,用語 術式 側にこの話がない。
medium,reverse_index_mismatch,chapter,ch-233,人外魔境新宿決戦⑪,用語 式神 側にこの話がない。
medium,reverse_index_mismatch,chapter,ch-240,生き残れ!!,用語 術式 側にこの話がない。
medium,reverse_index_mismatch,chapter,ch-241,勝ち残れ!!,用語 術式 側にこの話がない。
medium,reverse_index_mismatch,chapter,ch-242,舞い上がれ!!,用語 術式 側にこの話がない。
medium,reverse_index_mismatch,chapter,ch-243,さんざめけ!!,用語 術式 側にこの話がない。
medium,reverse_index_mismatch,chapter,ch-247,人外魔境新宿決戦⑲,用語 術式 側にこの話がない。
medium,reverse_index_mismatch,chapter,ch-247,人外魔境新宿決戦⑲,用語 反転術式 側にこの話がない。
medium,reverse_index_mismatch,chapter,ch-254,人外魔境新宿決戦㉖,用語 簡易領域 側にこの話がない。
medium,reverse_index_mismatch,chapter,ch-255,人外魔境新宿決戦㉗,用語 術式 側にこの話がない。
medium,reverse_index_mismatch,chapter,ch-256,人外魔境新宿決戦㉘,用語 黒閃 側にこの話がない。
medium,reverse_index_mismatch,chapter,ch-263,人外魔境新宿決戦㉟,用語 術式 側にこの話がない。
medium,reverse_index_mismatch,chapter,ch-270,夢の終わり,用語 術師 側にこの話がない。
